sample_id,sample_num,category,recommended_next_action,question,gold_index,gold_answer,gemma_candidate_final_index,gemma_candidate_final_answer,gemma_candidate_correct,prm_final_index,prm_final_answer,prm_correct,prm_score,candidate_count,candidate_valid_count,candidate_gold_votes,candidate_unique_answers,candidate_vote_counts,top_candidate_vote,any_gold_candidate,gpt_final_index,gpt_final_answer,gpt_correct,gpt_valid_prediction,malformed_prm_answer,image_path
utah_webpath_closed_0,0,hard_or_ambiguous_even_strong_vlm,manual_review_gold_or_domain_reasoning,A 65-year-old man has had increasing dyspnea and orthopnea for the past year. On physical examination there are rales in all lung fields. A chest x-ray shows cardiomegaly and pulmonary edema. An echocardiogram shows reduced cardiac output. The gross appearance of his heart shown here is most consistent with which of the following underlying conditions?,3,Atherosclerosis,0,Amyloidosis,False,0,Amyloidosis,False,0.8680397033691406,8,8,0,2,0:7; 4:1,0:Amyloidosis (7),False,4,Viral myocarditis,False,True,False,/Users/youngkwon/.openclaw/workspace/pathvqa_images/utah_webpath_closed_0_at001.jpg
utah_webpath_closed_1,1,actor_visual_grounding_or_lowB_miss,try_roi_multiview_or_stronger_visual_actor,A 56-year-old woman is undergoing chemotherapy for treatment of breast carcinoma. The gross appearance of her skin shown here is most typical for which of the following conditions?,0,Thrombocytopenia,4,Pellagra,False,4,Pellagra,False,0.46368820071220396,8,8,0,1,4:8,4:Pellagra (8),False,0,Thrombocytopenia,True,True,False,/Users/youngkwon/.openclaw/workspace/pathvqa_images/utah_webpath_closed_1_at002.jpg
utah_webpath_closed_2,2,correct,keep_as_success_reference,"A 45-year-old woman suffers a 'stroke' with right parietal infarction. On physical examination a heart murmur is audible. Based upon the gross appearance shown here, which of the following conditions is she most likely to have?",3,Mural thrombosis,3,Mural thrombosis,True,3,Mural thrombosis,True,0.8474846243858337,8,8,7,2,3:7; 1:1,3:Mural thrombosis (7),True,3,Mural thrombosis,True,True,False,/Users/youngkwon/.openclaw/workspace/pathvqa_images/utah_webpath_closed_2_at003.jpg
utah_webpath_closed_3,3,hard_or_ambiguous_even_strong_vlm,manual_review_gold_or_domain_reasoning,A 68-year-old man has had abdominal pain for the past month. On physical examination there is a pulsatile abdominal mass palpated. The gross appearance shown here representative of this man's disease is most likely to be associated with which of the following underlying conditions?,1,"Diabetes mellitus, type I",0,Marfan syndrome,False,0,Marfan syndrome,False,0.416603222489357,8,8,0,1,0:8,0:Marfan syndrome (8),False,4,Aging,False,True,False,/Users/youngkwon/.openclaw/workspace/pathvqa_images/utah_webpath_closed_3_at004.jpg
utah_webpath_closed_4,4,correct,keep_as_success_reference,A 45-year-old woman has had a worsening headache for the past 2 days. On physical examination her blood pressure is 300/150 mm Hg. Laboratory studies show her serum creatinine is 3.7 mg/dL. This microscopic appearance of her kidney is most consistent with which of the following vascular diseases?,1,Hyperplastic arteriolosclerosis,3,Hyaline arteriolosclerosis,False,1,Hyperplastic arteriolosclerosis,True,0.7752356886863708,8,8,2,2,3:6; 1:2,3:Hyaline arteriolosclerosis (6),True,1,Hyperplastic arteriolosclerosis,True,True,False,/Users/youngkwon/.openclaw/workspace/pathvqa_images/utah_webpath_closed_4_at005.jpg
utah_webpath_closed_5,5,correct,keep_as_success_reference,A 58-year-old man experienced chest pain 4 days ago. He now has increasing dyspnea and an irregular pulse. The representative gross appearance of his interventricular myocardium is shown here. Which of the following microscopic changes is most likely to be present?,3,Coagulative necrosis,3,Coagulative necrosis,True,3,Coagulative necrosis,True,0.8288033127784729,7,7,7,1,3:7,3:Coagulative necrosis (7),True,3,Coagulative necrosis,True,True,False,/Users/youngkwon/.openclaw/workspace/pathvqa_images/utah_webpath_closed_5_ci001.jpg
utah_webpath_closed_6,6,correct,keep_as_success_reference,A 60-year-old man has become increasingly fatigued for the past month. A physical examination finding is shown here. Which of the following underlying disorders is he most likely to have?,1,Hemolysis,1,Hemolysis,True,1,Hemolysis,True,0.9303146302700043,8,8,8,1,1:8,1:Hemolysis (8),True,2,Hepatic metastases,False,True,False,/Users/youngkwon/.openclaw/workspace/pathvqa_images/utah_webpath_closed_6_ci002.jpg
utah_webpath_closed_7,7,hard_or_ambiguous_even_strong_vlm,manual_review_gold_or_domain_reasoning,"A 67-year-old woman with a past history of myocardial infarction had an episode of altered consciousness 3 weeks ago, followed by inability to move her right arm. She now has the lesion seen here grossly in the brain. Which of the following is the most likely diagnosis?",1,Acute meningitis,2,Liquefactive necrosis,False,2,Liquefactive necrosis,False,0.5490915775299072,8,8,0,2,2:7; 0:1,2:Liquefactive necrosis (7),False,2,Liquefactive necrosis,False,True,False,/Users/youngkwon/.openclaw/workspace/pathvqa_images/utah_webpath_closed_7_ci003.jpg
utah_webpath_closed_8,8,needs_gpt_reference_rerun,rerun_strong_vlm_reference_for_this_sample,A 24-year-old man has developed nausea and jaundice over the past week. On physical examination he has right upper quadrant tenderness; his sclerae are icteric. Laboratory studies show he has hepatitis B viral infection. His AST is 189 U/L and ALT 202 U/L. Which of the following microscopic findings is most likely shown here in his liver?,0,Apoptosis,2,Coagulative necrosis,False,2,Coagulative necrosis,False,0.773412823677063,8,8,0,1,2:8,2:Coagulative necrosis (8),False,,,False,False,False,/Users/youngkwon/.openclaw/workspace/pathvqa_images/utah_webpath_closed_8_ci004.jpg
utah_webpath_closed_9,9,correct,keep_as_success_reference,A 55-year-old woman with ischemic heart disease develops congestive heart failure. She develops back pain. A urinalysis shows hematuria. Which of the following is the most likely etiology for the gross appearance shown here?,1,Embolization,1,Embolization,True,1,Embolization,True,0.8615074515342712,8,8,7,2,1:7; 2:1,1:Embolization (7),True,1,Embolization,True,True,False,/Users/youngkwon/.openclaw/workspace/pathvqa_images/utah_webpath_closed_9_ci005.jpg
utah_webpath_closed_10,10,actor_visual_grounding_or_lowB_miss,try_roi_multiview_or_stronger_visual_actor,A 70-year-old man who died suddenly has the finding shown here on external examination at autopsy. Which of the following is the most likely diagnosis?,2,Suicidal gunshot wound,3,Homicidal stab wounds,False,5,Fall from a height,False,0.4292224844296773,8,8,0,3,3:4; 5:3; 1:1,3:Homicidal stab wounds (4),False,2,Suicidal gunshot wound,True,True,False,/Users/youngkwon/.openclaw/workspace/pathvqa_images/utah_webpath_closed_10_fp001.jpg
utah_webpath_closed_11,11,prm_rerank_missed_gold_candidate,improve_prm_calibration_or_answer_aggregation,"Following a fall down a flight of stairs at work, a 64-year-old woman suffers a right hip fracture for which she is hospitalized. She undergoes surgery for placement of a hip prosthesis. A week later she is recuperating from the surgery when she suddenly develops dyspnea and expires in only 5 minutes despite resuscitative measures. Autopsy reveals the finding seen here. A 1 cm infiltrating ductal carcinoma is found in her right breast, but there are no metastases. Which of the following statements regarding death certification is most accurate in her case?",1,The mode (manner) of death is accident,0,The immediate cause of death is cardiopulmonary arrest,False,4,Pulmonary embolism is the underlying cause of death.,False,0.7575685977935791,8,8,1,3,0:4; 4:3; 1:1,0:The immediate cause of death is cardiopulmonary arrest (4),True,1,The mode (manner) of death is accident,True,True,False,/Users/youngkwon/.openclaw/workspace/pathvqa_images/utah_webpath_closed_11_fp002.jpg
utah_webpath_closed_12,12,correct,keep_as_success_reference,"A previously healthy 13-month-old child is brought to the emergency department by his mother, who returned home to find that her boyfriend was asleep, while the child in the crib in the bedroom was unarousable for feeding. The child does not regain consciousness and is determined to be brain dead after a week. In addition to subarachnoid hemorrhages, the medical examiner discovers the ocular finding seen here. Which of the following is the most likely explanation for this child's death?",4,Trauma from violent shaking,4,Trauma from violent shaking,True,4,Trauma from violent shaking,True,0.9586335062980652,8,8,6,2,4:6; 2:2,4:Trauma from violent shaking (6),True,4,Trauma from violent shaking,True,True,False,/Users/youngkwon/.openclaw/workspace/pathvqa_images/utah_webpath_closed_12_fp003.jpg
utah_webpath_closed_13,13,correct,keep_as_success_reference,"A 30-year-old man is involved in a motor vehicle accident in which he sustains multiple bone fractures. His condition is stable for three days in the hospital, but then his respiratory status worsens abruptly and he dies. This microscopic appearance is found at autopsy. Which of the following is the most likely diagnosis?",5,Fat embolism,5,Fat embolism,True,5,Fat embolism,True,0.9494349956512451,8,8,8,1,5:8,5:Fat embolism (8),True,5,Fat embolism,True,True,False,/Users/youngkwon/.openclaw/workspace/pathvqa_images/utah_webpath_closed_13_fp004.jpg
utah_webpath_closed_14,14,correct,keep_as_success_reference,A 72-year-old man was found down in his home. At autopsy he has the findings seen here at the base of the skull. Which of the following injuries did this man most likely incur?,0,Fall to the ground,0,Fall to the ground,True,0,Fall to the ground,True,0.7453813850879669,7,7,7,1,0:7,0:Fall to the ground (7),True,0,Fall to the ground,True,True,False,/Users/youngkwon/.openclaw/workspace/pathvqa_images/utah_webpath_closed_14_fp005.jpg
utah_webpath_closed_15,15,correct,keep_as_success_reference,"A 19-year-old woman develops the physical examination finding seen here when she spends several hours outside at a ball game. Ordinarily, she avoids being in the sun, but a friend provided free tickets. When she sees her physician, a urinalysis is performed that shows hematuria and proteinuria. Which of the following is the most likely diagnosis?",1,Systemic lupus erythematosus,1,Systemic lupus erythematosus,True,1,Systemic lupus erythematosus,True,0.9180786967277527,8,8,8,1,1:8,1:Systemic lupus erythematosus (8),True,1,Systemic lupus erythematosus,True,True,False,/Users/youngkwon/.openclaw/workspace/pathvqa_images/utah_webpath_closed_15_ip001.jpg
utah_webpath_closed_16,16,actor_visual_grounding_or_lowB_miss,try_roi_multiview_or_stronger_visual_actor,A 43-year-old woman has noted for the past 2 years that her fingers turn white and become painful upon exposure to cold. Shown here is the appearance of the antinuclear antibody test using her serum at a titer of 1:1024. Which of the following complications is this patient most likely to have at this time?,0,Dysphagia,4,Skin rash,False,4,Skin rash,False,0.7615967929363251,8,8,0,1,4:8,4:Skin rash (8),False,0,Dysphagia,True,True,False,/Users/youngkwon/.openclaw/workspace/pathvqa_images/utah_webpath_closed_16_ip002.jpg
utah_webpath_closed_17,17,correct,keep_as_success_reference,"A 29-year-old woman has a 10 year history of HIV infection. She has had a non-productive cough for the past 2 weeks. In the past 2 days she has had a severe headache with increasing stiffness of the neck, then obtundation. On physical examination her temperature is 38.8°C, and there is nuchal rigidity. A lumbar puncture is performed, and the result of the India ink test is seen here. Which of the following infectious agents is most likely to account for these findings?",0,Cryptococcus neoformans,0,Cryptococcus neoformans,True,0,"{""sample_id"": ""/Users/youngkwon/.openclaw/workspace/pathvqa_images/utah_webpath_closed_17_ip003.jpg"", ""steps"": [""The patient presents with signs of meningoencephalitis (fever, headache, nuchal rigidity, obtundation) in the context of HIV infection."", ""The India ink stain test is a specific diagnostic test used to visualize the capsular material of certain encapsulated yeasts in cerebrospinal fluid (CSF)."", ""The image shows characteristic ""halo"" or ""negative staining"" around yeast organisms, which is the classic finding for *Cryptococcus neoformans*."", ""Given the clinical picture (meningitis/encephalitis in HIV) and the positive India ink result, *Cryptococcus neoformans* is the most likely causative agent."", ""Therefore, option 0 is the correct choice.""], ""final_answer_index"": 0, ""final_answer"": ""Cryptococcus neoformans"", ""confidence"": ""high"", ""rationale"": ""The combination of clinical symptoms suggestive of meningitis/encephalitis in an HIV patient and the positive India ink stain for a yeast strongly indicates Cryptococcus neoformans.""}",True,0.9964725375175476,8,8,8,1,0:8,0:Cryptococcus neoformans (8),True,0,Cryptococcus neoformans,True,True,True,/Users/youngkwon/.openclaw/workspace/pathvqa_images/utah_webpath_closed_17_ip003.jpg
utah_webpath_closed_18,18,correct,keep_as_success_reference,"Within minutes following a bee sting, a 40-year-old man develops the pathologic abnormality seen here. Release of which of the following chemical mediators is most likely responsible for this finding?",3,Histamine,3,Histamine,True,3,Histamine,True,0.845156216621399,8,8,8,1,3:8,3:Histamine (8),True,3,Histamine,True,True,False,/Users/youngkwon/.openclaw/workspace/pathvqa_images/utah_webpath_closed_18_ip004.jpg
utah_webpath_closed_19,19,correct,keep_as_success_reference,"A clinical study is performed with subjects who developed a skin rash. Skin biopsies from these subjects are analyzed by immunofluoresence. Some of the subjects have the immunofluorescence pattern shown here, with antibody to IgG. This appearance is most likely to be based upon which of the following pathologic mechanisms?",2,Antigen-antibody complex deposition,2,Antigen-antibody complex deposition,True,2,Antigen-antibody complex deposition,True,0.8647404551506043,8,8,8,1,2:8,2:Antigen-antibody complex deposition (8),True,2,Antigen-antibody complex deposition,True,True,False,/Users/youngkwon/.openclaw/workspace/pathvqa_images/utah_webpath_closed_19_ip005.jpg
utah_webpath_closed_20,20,correct,keep_as_success_reference,A 29-year-old woman has had abdominal pain for the past 3 days. On physical examination there are no abnormal findings. Upper GI endoscopy is performed and the gastric mucosa has the appearance depicted here. Release of which of the following chemical mediators is most likely to produce this appearance?,4,Prostaglandin,4,Prostaglandin,True,4,Prostaglandin,True,0.9286074280738831,8,8,8,1,4:8,4:Prostaglandin (8),True,4,Prostaglandin,True,True,False,/Users/youngkwon/.openclaw/workspace/pathvqa_images/utah_webpath_closed_20_if001.jpg
utah_webpath_closed_21,21,correct,keep_as_success_reference,A 50-year-old woman has had a high fever over the past day. On physical examination she has papilledema. The gross appearance of her disease process is shown here. Which of the following laboratory test results is she most likely to have?,0,Erythrocyte sedimentation rate of 50 mm/hr,0,Erythrocyte sedimentation rate of 50 mm/hr,True,0,Erythrocyte sedimentation rate of 50 mm/hr,True,0.7775692939758301,8,8,8,1,0:8,0:Erythrocyte sedimentation rate of 50 mm/hr (8),True,0,Erythrocyte sedimentation rate of 50 mm/hr,True,True,False,/Users/youngkwon/.openclaw/workspace/pathvqa_images/utah_webpath_closed_21_if002.jpg
utah_webpath_closed_22,22,correct,keep_as_success_reference,"A 40-year-old man has had a productive cough with yellowish sputum for 4 days. On physical examination his temperature is 38.3°C. Laboratory studies show that he has a total WBC count of 13,440/microliter with a left shift. The gross appearance shown here is representative of his lung. Which of the following is the most likely diagnosis?",1,Abscesses,1,Abscesses,True,1,Abscesses,True,0.24125488847494125,7,7,7,1,1:7,1:Abscesses (7),True,1,Abscesses,True,True,False,/Users/youngkwon/.openclaw/workspace/pathvqa_images/utah_webpath_closed_22_if003.jpg
utah_webpath_closed_23,23,hard_or_ambiguous_even_strong_vlm,manual_review_gold_or_domain_reasoning,A 66-year-old woman has had increasing dyspnea for the past month. Shown here is the representative microscopic appearance of her lung. Which of the following chemical substances is most instrumental in the formation of the abnormality seen here?,2,Thromboxane,1,Leukotriene B4,False,1,Leukotriene B4,False,0.4277194648981094,8,8,0,1,1:8,1:Leukotriene B4 (8),False,3,TGF-beta,False,True,False,/Users/youngkwon/.openclaw/workspace/pathvqa_images/utah_webpath_closed_23_if004.jpg
utah_webpath_closed_24,24,hard_or_ambiguous_even_strong_vlm,manual_review_gold_or_domain_reasoning,A 25-year-old man has been working in his garden all day. This finding seen on physical examination. This is best characterized by which of the following descriptive terms?,3,Transudation,1,Erythema,False,1,Erythema,False,0.9199663798014323,8,8,0,1,1:8,1:Erythema (8),False,0,Exudation,False,True,False,/Users/youngkwon/.openclaw/workspace/pathvqa_images/utah_webpath_closed_24_if005.jpg
utah_webpath_closed_25,25,correct,keep_as_success_reference,"A 68-year-old man goes to his physician for a routine check-up. The only abnormal finding on physical examination is a positive stool occult blood. A colonoscopy is performed, and the lesion seen here is found and segmental colonic resection performed. Which of the following statements is most appropriate to make to this patient regarding these findings?",4,Metastases from this lesion may be present,0,Your children have a high risk for a similar lesion;,False,4,Metastases from this lesion may be present.,True,0.7722798347473144,7,7,1,3,0:5; 1:1; 4:1,0:Your children have a high risk for a similar lesion (5),True,4,Metastases from this lesion may be present,True,True,False,/Users/youngkwon/.openclaw/workspace/pathvqa_images/utah_webpath_closed_25_ne001.jpg
utah_webpath_closed_26,26,correct,keep_as_success_reference,"A 72-year-old woman has been feeling fatigued for the past 6 weeks. She has had a 6 kg weight loss in the past 3 months. She has nausea, but no vomiting, hemoptysis, or hematemesis. She does not have a cough. On physical examination she is afebrile. A stool sample is positive for occult blood. Her serum carcinoembryonic antigen (CEA) is elevated but her alpha-fetoprotein (AFP) is not. The representative gross appearance of her liver is depicted here. Which of the following is the most likely diagnosis?",1,Metastatic adenocarcinoma,1,Metastatic adenocarcinoma,True,1,Metastatic adenocarcinoma,True,0.9188524603843689,7,7,7,1,1:7,1:Metastatic adenocarcinoma (7),True,1,Metastatic adenocarcinoma,True,True,False,/Users/youngkwon/.openclaw/workspace/pathvqa_images/utah_webpath_closed_26_ne002.jpg
utah_webpath_closed_27,27,correct,keep_as_success_reference,A 55-year-old man has experienced pain in his left leg for the past 7 months. On palpation he has swelling behind his left knee. MR imaging has the appearance shown here. Which of the following is the most likely neoplasm he has?,4,Sarcoma,4,Sarcoma,True,4,Sarcoma,True,0.9888958811759949,8,8,8,1,4:8,4:Sarcoma (8),True,4,Sarcoma,True,True,False,/Users/youngkwon/.openclaw/workspace/pathvqa_images/utah_webpath_closed_27_ne003.jpg
utah_webpath_closed_28,28,correct,keep_as_success_reference,A 41-year-old woman has noted some intermenstrual spotting of blood for the past 6 months. A pelvic examination is performed and the cervical lesion seen here is found. She undergoes a total abdominal hysterectomy. Which of the following is the most likely risk factor that contributed to the appearance of this lesion?,2,Human papillomavirus infection,2,Human papillomavirus infection,True,2,Human papillomavirus infection,True,0.989839181303978,8,8,8,1,2:8,2:Human papillomavirus infection (8),True,2,Human papillomavirus infection,True,True,False,/Users/youngkwon/.openclaw/workspace/pathvqa_images/utah_webpath_closed_28_ne004.jpg
utah_webpath_closed_29,29,correct,keep_as_success_reference,"A 54-year-old woman feels a lump in her left breast. On physical examination there is an irregular, non-movable firm 3 cm upper outer quadrant mass. A mastectomy is performed. Gross examination reveals stromal invasion. Immunohistochemical staining of the cells in the mastectomy reveals the pattern seen here. Positivity for which of the following, which aids in selecting therapy, is most likely shown here?",4,Estrogen receptor,4,Estrogen receptor,True,4,Estrogen receptor,True,0.47126114964485166,8,8,8,1,4:8,4:Estrogen receptor (8),True,4,Estrogen receptor,True,True,False,/Users/youngkwon/.openclaw/workspace/pathvqa_images/utah_webpath_closed_29_ne005.jpg
utah_webpath_closed_30,30,correct,keep_as_success_reference,A clinical study reveals that the incidence of the lesion shown here grossly could be reduced by maternal dietary supplementation before and during pregnancy. Which of the following nutrients is most likely to reduce the frequency of this lesion?,6,Folic acid,6,Folic acid,True,6,Folic acid,True,0.9565585374832153,8,8,8,1,6:8,6:Folic acid (8),True,6,Folic acid,True,True,False,/Users/youngkwon/.openclaw/workspace/pathvqa_images/utah_webpath_closed_30_pp001.jpg
utah_webpath_closed_31,31,correct,keep_as_success_reference,"A 19-year-old primigravida gives birth at 34 weeks to a stillborn fetus. At autopsy, the fetal chest cavity has the gross appearance shown here. Which of the following conditions is most likely to produce this appearance?",0,Oligohydramnios,0,Oligohydramnios,True,0,Oligohydramnios,True,0.8626424193382263,8,8,8,1,0:8,0:Oligohydramnios (8),True,0,Oligohydramnios,True,True,False,/Users/youngkwon/.openclaw/workspace/pathvqa_images/utah_webpath_closed_31_pp002.jpg
utah_webpath_closed_32,32,prm_rerank_missed_gold_candidate,improve_prm_calibration_or_answer_aggregation,A 17-year-old boy has 12 irregular brown 3 to 5 cm macules scattered over his skin. He also has multiple dermal skin nodules. The appearance of his hand is shown here. Which of the following characteristics is most representative of his genetic disorder?,4,A family history of an affected parent may not be present,1,Heterozygous females rarely express the full phenotypic change,False,1,"{""sample_id"": ""utah_webpath_closed_32_pp003.jpg"", ""steps"": [""The image shows a boy's hand with visible skin lesions, including macules and nodules, consistent with a genetic dermatological condition."", ""The question asks for the most representative characteristic of the genetic disorder associated with this presentation."", ""Options describe patterns of inheritance and manifestation for genetic disorders."", ""Without explicit diagnosis or further context, I must rely on general knowledge patterns associated with common genetic syndromes presenting with skin lesions."", ""Option 1 describes uniform expression, which is less characteristic of highly variable genetic conditions.""}, {""final_answer_index"": 1, ""final_answer"": ""Heterozygous females rarely express the full phenotypic change"", ""confidence"": 0.9, ""rationale"": ""Option 1, 'Heterozygous females rarely express the full phenotypic change,' describes a pattern often seen in X-linked or sex-influenced inheritance, which is a common feature to test regarding genetic disorders.""}",False,0.9506707191467285,8,8,1,3,1:6; 2:1; 4:1,1:Heterozygous females rarely express the full phenotypic change (6),True,4,A family history of an affected parent may not be present,True,True,True,/Users/youngkwon/.openclaw/workspace/pathvqa_images/utah_webpath_closed_32_pp003.jpg
utah_webpath_closed_33,33,hard_or_ambiguous_even_strong_vlm,manual_review_gold_or_domain_reasoning,A 29-year-old G2 P1 woman gives birth at 32 weeks gestation to a male 3550 gm infant. No anomalies are noted. An episode of hypoglycemia is treated. Respiratory distress syndrome occurs soon after birth. Intubation with positive pressure ventilation is performed to maintain adequate oxygenation. The microscopic appearance of the infant's lung is seen here. Which of the following prenatal tests on the mother would most likely have predicted this outcome?,0,Maternal serum alpha-fetoprotein 2 MoM,2,Elevated serum hemoglobin A1C,False,2,Elevated serum hemoglobin A1C,False,0.8826004505157471,8,8,0,2,2:7; 1:1,2:Elevated serum hemoglobin A1C (7),False,2,Elevated serum hemoglobin A1C,False,True,False,/Users/youngkwon/.openclaw/workspace/pathvqa_images/utah_webpath_closed_33_pp004.jpg
utah_webpath_closed_34,34,correct,keep_as_success_reference,"A 32-year-old G2 P1 woman gives birth at term to a girl infant. The infant has no anomalies. Within three days following birth, the infant has not passed any stool and has abdominal distension. Laparotomy is performed and the resected specimen is shown here. Later in childhood, malabsorption is present and the child develops recurrent pneumonia with Pseudomonas aeruginosa and Burkholderia cepacia cultured. Which of the following inherited disorders is this infant most likely to have?",0,Cystic fibrosis,0,Cystic fibrosis,True,0,Cystic fibrosis,True,0.7722621659437815,8,8,8,1,0:8,0:Cystic fibrosis (8),True,0,Cystic fibrosis,True,True,False,/Users/youngkwon/.openclaw/workspace/pathvqa_images/utah_webpath_closed_34_pp005.jpg
utah_webpath_closed_35,35,prm_rerank_missed_gold_candidate,improve_prm_calibration_or_answer_aggregation,A 21-year-old primigravida gives birth at term following a prolonged labor with difficult delivery of a girl infant. The placenta is delivered 5 minutes later and has the appearance shown here. Which of the following complications is most likely to occur in this infant?,3,Respiratory distress,3,Respiratory distress,True,0,Intraventricular hemorrhage,False,0.8006924271583558,8,8,5,2,3:5; 0:3,3:Respiratory distress (5),True,3,Respiratory distress,True,True,False,/Users/youngkwon/.openclaw/workspace/pathvqa_images/utah_webpath_closed_35_pl001.jpg
utah_webpath_closed_36,36,correct,keep_as_success_reference,A 30-year-old G3 P2 woman has had preterm premature rupture of membranes for a week. She gives birth at 31 weeks gestation to a male infant with initial Apgar scores of 6 at one minute and 7 at five minutes. The birth weight is normal for gestational age. No anomalies are noted. Within an hour the infant develops respiratory distress with grunting and retractions. The microscopic appearance of the placental fetal membranes seen here most strongly suggests infection with which of the following organisms?,0,Group B Streptococcus,3,Candida albicans,False,0,Group B Streptococcus,True,0.5602549202740192,8,8,2,2,3:6; 0:2,3:Candida albicans (6),True,0,Group B Streptococcus,True,True,False,/Users/youngkwon/.openclaw/workspace/pathvqa_images/utah_webpath_closed_36_pl002.jpg
utah_webpath_closed_37,37,prm_rerank_missed_gold_candidate,improve_prm_calibration_or_answer_aggregation,A pathologic study is performed with placentas obtained at the time of delivery at term. Some of these placentas are observed to have the abnormality shown here. The delivery records are analyzed. Which of the following complications is most likely to accompany this placental abnormality?,0,Hemorrhage,0,Hemorrhage,True,2,Stillbirth,False,0.5825980424880981,8,8,6,2,0:6; 2:2,0:Hemorrhage (6),True,0,Hemorrhage,True,True,False,/Users/youngkwon/.openclaw/workspace/pathvqa_images/utah_webpath_closed_37_pl003.jpg
utah_webpath_closed_38,38,correct,keep_as_success_reference,A 30-year-old G2 P1 woman has a prenatal examination and is large for dates. An ultrasound scan at 19 weeks gestation reveals a 'snowstorm' effect. Her serum hCG level is markedly elevated. The representative gross appearance of the placenta is shown here. Which of the following is the most likely diagnosis?,3,Complete hydatidiform mole,3,Complete hydatidiform mole,True,3,Complete hydatidiform mole,True,0.9630881786346436,8,8,8,1,3:8,3:Complete hydatidiform mole (8),True,3,Complete hydatidiform mole,True,True,False,/Users/youngkwon/.openclaw/workspace/pathvqa_images/utah_webpath_closed_38_pl004.jpg
utah_webpath_closed_39,39,prm_rerank_missed_gold_candidate,improve_prm_calibration_or_answer_aggregation,"A 25-year-old primigravida gives birth to a term girl infant. The placenta is delivered 10 minutes later, and inspection of the umbilical cord reveals the gross appearance shown here. Which of the following is the most appropriate interpretation of this finding?",4,Incidental finding,0,Congenital anomalies are more likely,False,3,Greater hemorrhage at delivery,False,0.8720731616020203,8,8,2,4,0:3; 3:2; 4:2; 2:1,0:Congenital anomalies are more likely (3),True,4,Incidental finding,True,True,False,/Users/youngkwon/.openclaw/workspace/pathvqa_images/utah_webpath_closed_39_pl005.jpg
utah_webpath_closed_40,40,correct,keep_as_success_reference,"A 45-year-old woman has had worsening orthopnea for the past 3 years. She is unable to tolerate strenuous exercise. She has had increasing difficulty with swallowing for the past year. On physical examination she has a cardiac murmur. She is afebrile. Based upon the gross appearances of her heart shown here, which of the following is the most likely underlying cause for her illness?",0,Group A beta-hemolytic streptococcal infection,0,Group A beta-hemolytic streptococcal infection,True,0,Group A beta-hemolytic streptococcal infection,True,0.5788843433062235,8,8,8,1,0:8,0:Group A beta-hemolytic streptococcal infection (8),True,0,Group A beta-hemolytic streptococcal infection,True,True,False,/Users/youngkwon/.openclaw/workspace/pathvqa_images/utah_webpath_closed_40_cp001.jpg
utah_webpath_closed_41,41,actor_visual_grounding_or_lowB_miss,try_roi_multiview_or_stronger_visual_actor,A term male infant is noted to have a heart murmur on examination soon after birth. The representative gross appearance of his heart is depicted here. Which of the following underlying conditions is this child most likely to have?,5,Trisomy 21,4,Endocardial fibroelastosis,False,4,Endocardial fibroelastosis,False,0.9900779922803243,8,8,0,1,4:8,4:Endocardial fibroelastosis (8),False,5,Trisomy 21,True,True,False,/Users/youngkwon/.openclaw/workspace/pathvqa_images/utah_webpath_closed_41_cp002.jpg
utah_webpath_closed_42,42,correct,keep_as_success_reference,A 60-year-old man has had increasing lethargy for the past year. On physical examination he has an audible friction rub. He is afebrile. An echocardiogram shows normal valvular motion. The pericardial cavity has been opened here to reveal the epicardial surface representative of this man's disease. Which of the following underlying conditions would you most strongly suspect contributed to the appearance of the process shown here?,2,Chronic renal failure,2,Chronic renal failure,True,2,Chronic renal failure,True,0.6720423077543577,8,8,5,2,2:5; 3:3,2:Chronic renal failure (5),True,2,Chronic renal failure,True,True,False,/Users/youngkwon/.openclaw/workspace/pathvqa_images/utah_webpath_closed_42_cp003.jpg
utah_webpath_closed_43,43,actor_visual_grounding_or_lowB_miss,try_roi_multiview_or_stronger_visual_actor,"After a high fever for 3 days, a 29-year-old man becomes delirious, and his friends bring him to the emergency room. Physical examination reveals a cardiac murmur, along with splenomegaly and a temperature of 38.7°C. Splinter hemorrhages appear under the nails of both his hands. Echocardiography reveals the lesions seen here. Which of the following is the most likely diagnosis?",1,Intravenous drug use,3,Trousseau syndrome,False,3,Trousseau syndrome,False,0.676712590456009,7,7,0,2,3:4; 2:3,3:Trousseau syndrome (4),False,1,Intravenous drug use,True,True,False,/Users/youngkwon/.openclaw/workspace/pathvqa_images/utah_webpath_closed_43_cp004.jpg
utah_webpath_closed_44,44,correct,keep_as_success_reference,"A 72-year-old woman has noted a bump on her neck enlarging for the past 2 years. On physical examination there is a right thyroid nodule. She undergoes subtotal thyroidectomy and the nodule on microscopic examination is a follicular adenoma. However, the pathologist notes that the surrounding small arteries around the thyroid show the changes seen here microscopically. Which of the following is the most likely diagnosis?",3,Monckeberg arteriosclerosis,3,Monckeberg arteriosclerosis,True,3,Monckeberg arteriosclerosis,True,0.864650571346283,8,8,8,1,3:8,3:Monckeberg arteriosclerosis (8),True,3,Monckeberg arteriosclerosis,True,True,False,/Users/youngkwon/.openclaw/workspace/pathvqa_images/utah_webpath_closed_44_cp005.jpg
utah_webpath_closed_45,45,actor_visual_grounding_or_lowB_miss,try_roi_multiview_or_stronger_visual_actor,"A 36-year-old man incurs a traumatic laceration to his right upper chest. This is repaired. Over the next 3 months, he notes the development of the lesion shown here, which was excised. Microscopic examination of this lesion is most likely to show which of the following findings?",3,Dense collagen bundles,1,Granulomas with caseous necrosis,False,1,Granulomas with caseous necrosis,False,0.5863684386014938,8,8,0,1,1:8,1:Granulomas with caseous necrosis (8),False,3,Dense collagen bundles,True,True,False,/Users/youngkwon/.openclaw/workspace/pathvqa_images/utah_webpath_closed_45_dp001.jpg
utah_webpath_closed_46,46,correct,keep_as_success_reference,"The mother of a 12-year-old girl asks you about a skin lesion located on the girl's lower neck. The lesion is sharply circumscribed, 0.6 cm in diameter, bright red to bluish in color, and slightly elevated. It has been there as long as either of them can remember. Based upon the microscopic appearance of the lesion seen here, which of the following statements is most appropriate concerning this lesion?",4,Will not increase in size,4,Will not increase in size.,True,4,Will not increase in size.,True,0.5407062868277231,7,7,4,4,4:4; 1:1; 2:1; 3:1,4:Will not increase in size (4),True,4,Will not increase in size,True,True,False,/Users/youngkwon/.openclaw/workspace/pathvqa_images/utah_webpath_closed_46_dp002.jpg
utah_webpath_closed_47,47,actor_visual_grounding_or_lowB_miss,try_roi_multiview_or_stronger_visual_actor,"A 70-year-old woman goes to her physician for a routine check-up. On physical examination she has the lesions seen here over her face and upper chest. She reports that these lesions have become larger and more numerous for about 10 years. On microscopic examination of one of these lesions, which of the following findings is most likely to be present?",1,Thickened squamous epithelium with keratin-filled cysts,0,Atypical cells containing melanin pigment,False,0,Atypical cells containing melanin pigment,False,0.9710545420646668,8,8,0,1,0:8,0:Atypical cells containing melanin pigment (8),False,1,Thickened squamous epithelium with keratin-filled cysts,True,True,False,/Users/youngkwon/.openclaw/workspace/pathvqa_images/utah_webpath_closed_47_dp003.jpg
utah_webpath_closed_48,48,correct,keep_as_success_reference,A 38-year-old lifeguard has been working at a seaside resort for the past 16 years each summer. On physical examination he has the skin lesion seen here grossly. The lesion bleeds easily when traumatized. It has doubled in size in the past 6 months. Which of the following is the most likely diagnosis?,6,Melanoma,6,Melanoma,True,6,Melanoma,True,0.5829217011729876,8,8,4,2,1:4; 6:4,1:Squamous cell carcinoma (4),True,6,Melanoma,True,True,False,/Users/youngkwon/.openclaw/workspace/pathvqa_images/utah_webpath_closed_48_dp004.jpg
utah_webpath_closed_49,49,correct,keep_as_success_reference,A 33-year-old man goes to his physician for a routine check of his health status. On physical examination he has the skin lesions seen here. These lesions have not increased in size since childhood. Which of the following is the most likely diagnosis?,3,Nevocellular nevi,1,Seborrheic keratoses,False,3,Nocellular nevi,True,0.8074730336666107,8,8,1,3,1:6; 2:1; 3:1,1:Seborrheic keratoses (6),True,3,Nevocellular nevi,True,True,False,/Users/youngkwon/.openclaw/workspace/pathvqa_images/utah_webpath_closed_49_dp005.jpg
utah_webpath_closed_50,50,correct,keep_as_success_reference,"A 55-year-old man has had headaches for the past 2 months. On physical examination his blood pressure is 160/110 mm Hg. Laboratory studies show serum cortisol at 8 am 15 microgram/dL, plasma renin activity 1.2 ng/mL/hr, serum aldosterone 44 ng/dL, and serum potassium 2.9 mmol/L. The gross appearance of the lesion which is causing his findings is depicted here. Which of the following is the most likely diagnosis?",4,Conn syndrome,4,Conn syndrome,True,4,Conn syndrome,True,0.742080557346344,8,8,8,1,4:8,4:Conn syndrome (8),True,4,Conn syndrome,True,True,False,/Users/youngkwon/.openclaw/workspace/pathvqa_images/utah_webpath_closed_50_ep001.jpg
utah_webpath_closed_51,51,correct,keep_as_success_reference,"A 27-year-old woman has had diarrhea with weight loss of 3 kg over the past 3 months. On physical examination her thyroid gland is diffusely enlarged and non-tender. Laboratory studies show TSH 0.3 mU/L, T4 15.8 microgram/dL, and free thyroxine 4.3 ng/mL. The representative microscopic appearance of her thyroid is shown here. Which of the following is the most likely diagnosis?",3,Graves disease,3,Graves disease,True,3,Graves disease,True,0.2442088693380356,8,8,8,1,3:8,3:Graves disease (8),True,3,Graves disease,True,True,False,/Users/youngkwon/.openclaw/workspace/pathvqa_images/utah_webpath_closed_51_ep002.jpg
utah_webpath_closed_52,52,correct,keep_as_success_reference,A 2-year-old child is noted to have abdominal enlargement on a visit to the pediatrician. The physical examination is otherwise unremarkable. An abdominal CT scan shows a right upper quadrant mass. The gross appearance of the mass is seen here. Which of the following laboratory test findings is most likely to be present in this child?,2,Increased urine homovanillic acid,1,Decreased serum potassium,False,2,Increased urine homovanillic acid,True,0.9627718329429626,8,8,3,3,1:4; 2:3; 5:1,1:Decreased serum potassium (4),True,2,Increased urine homovanillic acid,True,True,False,/Users/youngkwon/.openclaw/workspace/pathvqa_images/utah_webpath_closed_52_ep003.jpg
utah_webpath_closed_53,53,correct,keep_as_success_reference,"A 60-year-old man with a long history of diabetes mellitus has noted pain in his right leg for the past 3 months. On physical examination there are no abnormal findings. Laboratory studies show his serum phosphorus is 4.8 mg/dL, calcium 8.9 mg/dL, urea nitrogen 48 mg/dL, and creatinine 5.0 mg/dL. Based upon the appearance of the parathyroid glands removed at surgery and shown here, which of the following complications is he most likely to have?",3,Osteitis fibrosa cystica,3,Osteitis fibrosa cystica,True,3,Osteitis fibrosa cystica,True,0.5523298740386963,8,8,8,1,3:8,3:Osteitis fibrosa cystica (8),True,3,Osteitis fibrosa cystica,True,True,False,/Users/youngkwon/.openclaw/workspace/pathvqa_images/utah_webpath_closed_53_ep004.jpg
utah_webpath_closed_54,54,prm_rerank_missed_gold_candidate,improve_prm_calibration_or_answer_aggregation,"A 39-year-old woman has noted a 'bump' on her neck for the past 6 months. On physical examination there is a firm, well-circumscribed, non-tender nodule to the right of midline in her neck. She undergoes thyroidectomy and the microscopic appearance of the lesion is shown here. Which of the following statements regarding her disease is most appropriate?",1,She will probably survive for at least 10 years,2,Anti-microsomal and anti-thyroglobulin antibodies are detectable,False,2,Anti-microsomal and anti-thyroglobulin antibodies are detectable,False,0.906379657132285,8,8,1,3,2:5; 4:2; 1:1,2:Anti-microsomal and anti-thyroglobulin antibodies are detectable (5),True,1,She will probably survive for at least 10 years,True,True,False,/Users/youngkwon/.openclaw/workspace/pathvqa_images/utah_webpath_closed_54_ep005.jpg
utah_webpath_closed_55,55,prm_rerank_missed_gold_candidate,improve_prm_calibration_or_answer_aggregation,A 45-year-old woman developed dyspnea with fever over the past week. Sputum culture grows Streptococcus pneumoniae and a chest radiograph shows extensive infiltrates of the right lower lobe and a nodule with air-fluid level. Her serum AST is 277 U/L and ALT 183 U/L. This is the gross appearance of her liver. Which of the following is most likely to produce this appearance of her liver?,2,Chronic alcohol use,2,Chronic alcohol use,True,5,Alpha-1-antitrypsin deficiency,False,0.727769618233045,8,8,7,2,2:7; 5:1,2:Chronic alcohol use (7),True,2,Chronic alcohol use,True,True,False,/Users/youngkwon/.openclaw/workspace/pathvqa_images/utah_webpath_closed_55_gp001.jpg
utah_webpath_closed_56,56,actor_visual_grounding_or_lowB_miss,try_roi_multiview_or_stronger_visual_actor,A 27-year-old man has had a chronic diarrhea with weight loss of 5 kg over the past year. On physical examination there are no abnormal findings. His d-xylose absorption is abnormally low. He has elevated anti-endomysial and anti-transglutaminase antibody titers. A jejunal biopsy is performed and shown here in the right panel (compared to the normal jejunum in the left panel). He improves with a change in diet. Which of the following is the most likely diagnosis?,3,Celiac disease,2,3,False,2,Celiac disease,False,0.9842172622680664,8,8,0,1,2:8,2:Pseudomembranous enteritis (8),False,3,Celiac disease,True,True,False,/Users/youngkwon/.openclaw/workspace/pathvqa_images/utah_webpath_closed_56_gp002.jpg
utah_webpath_closed_57,57,correct,keep_as_success_reference,"A 36-year-old woman develops severe abdominal pain over the past 24 hours. On physical examination her abdominal musculature is rigid, making palpation difficult because of severe tenderness. Laboratory studies show her serum lipase is 1165 U/L. Her total WBC count is 16,390/microliter with 86% granulocytes. The gross appearance of her disease process is shown here. Which of the following is the most probable etiology for this process?",0,Gallstones,0,Gallstones,True,0,Gallstones,True,0.5784827262163162,8,8,8,1,0:8,0:Gallstones (8),True,0,Gallstones,True,True,False,/Users/youngkwon/.openclaw/workspace/pathvqa_images/utah_webpath_closed_57_gp003.jpg
utah_webpath_closed_58,58,correct,keep_as_success_reference,A 35-year-old man has had abdominal pain and tenderness for two months. On physical examination he has a fistulous tract draining onto the skin over his left lower quadrant. At laparotomy an entero-enteric fistula is found and a 30 cm long segment of distal ileum is resected. The high power microscopic appearance of the resected bowel is depicted here. Dysregulation involving which of the following which of the following genes is most likely to be found in this man?,2,NOD2,2,NOD2,True,2,NOD2,True,0.9420212606588999,8,8,8,1,2:8,2:NOD2 (8),True,2,NOD2,True,True,False,/Users/youngkwon/.openclaw/workspace/pathvqa_images/utah_webpath_closed_58_gp004.jpg
utah_webpath_closed_59,59,correct,keep_as_success_reference,A 48-year-old woman has experienced episodes of sharp abdominal pain for the past month. On physical examination there is tenderness upon palpation of her right upper quadrant. Laparoscopic surgery is performed and the gross appearance of her disease process is depicted here. Which of the following is the most likely risk factor for her disease?,4,Obesity,4,Obesity,True,4,Obesity,True,0.7723347783088684,8,8,8,1,4:8,4:Obesity (8),True,4,Obesity,True,True,False,/Users/youngkwon/.openclaw/workspace/pathvqa_images/utah_webpath_closed_59_gp005.jpg
utah_webpath_closed_60,60,correct,keep_as_success_reference,A 42-year-old woman has had xerostomia for the past 5 years. On physical examination there is mild tenderness on palpation of her parotid glands. The representative microscopic appearance of the parotid is shown here. Which of the following serologic tests has the most specificity for the disease process in this woman?,4,Anti-ribonucleoprotein SSA,4,Anti-ribonucleoprotein SSA,True,4,Anti-ribonucleoprotein SSA,True,0.9335963010787964,8,8,8,1,4:8,4:Anti-ribonucleoprotein SSA (8),True,4,Anti-ribonucleoprotein SSA,True,True,False,/Users/youngkwon/.openclaw/workspace/pathvqa_images/utah_webpath_closed_60_hn001.jpg
utah_webpath_closed_61,61,actor_visual_grounding_or_lowB_miss,try_roi_multiview_or_stronger_visual_actor,A 31-year-old woman has had increasing pain on the right side of his face for the past 2 days. On physical examination there is tenderness over the region from the right zygomatic arch to the nose. A biopsy of the right maxillary sinus shows the microscopic appearance shown here. Which of the following laboratory test findings is she most likely to have?,0,Ketone bodies in urine,1,Culture with Staphylococcus aureus,False,1,Culture with Staphylococcus aureus,False,0.9590144991874695,8,8,0,1,1:8,1:Culture with Staphylococcus aureus (8),False,0,Ketone bodies in urine,True,True,False,/Users/youngkwon/.openclaw/workspace/pathvqa_images/utah_webpath_closed_61_hn002.jpg
utah_webpath_closed_62,62,correct,keep_as_success_reference,"A previously healthy 26-year-old man has had a low-grade fever, malaise, and sore throat for the past 2 weeks. On physical examination his temperature is 37.5°C. He has a pharyngitis and generalized tender lymphadenopathy. His peripheral blood smear is shown here. Which of the following is the most likely risk factor for his illness?",2,Close personal contact (kissing) with his date,2,Close personal contact (kissing) with his date,True,2,Close personal contact (kissing) with his date,True,0.9953447381655375,8,8,7,2,2:7; 0:1,2:Close personal contact (kissing) with his date (7),True,2,Close personal contact (kissing) with his date,True,True,False,/Users/youngkwon/.openclaw/workspace/pathvqa_images/utah_webpath_closed_62_hp001.jpg
utah_webpath_closed_63,63,correct,keep_as_success_reference,"A 60-year-old woman has become increasing tired and 'run down' over the past 6 months. On physical examination she has a palpable spleen tip and non-tender axillary lymphadenopathy. Laboratory studies show Hgb 10.1 g/dL, Hct 30.5%, MCV 90 fL, platelet count 89,000/uL, and WBC count 31,300/uL. Her peripheral blood smear is shown here. Which of the following is the most likely diagnosis?",1,Chronic lymphocytic leukemia,1,Chronic lymphocytic leukemia,True,1,"{""sample_id"": ""/Users/youngkwon/.openclaw/workspace/pathvqa_images/utah_webpath_closed_63_hp002.jpg"", ""steps"": [""The patient presents with symptoms of chronic fatigue and physical signs including splenomegaly and lymphadenopathy."", ""The laboratory findings show anemia (Hgb 10.1 g/dL, Hct 30.5%) and significant leukocytosis (WBC 31,300/uL) with thrombocytopenia (platelet count 89,000/uL)."", ""The peripheral blood smear is required to evaluate the differential diagnosis, which is the key visual component."", ""The peripheral smear shows numerous small, mature lymphocytes that appear atypical or excessive, consistent with a lymphoproliferative disorder."", ""Given the combination of chronic symptoms, cytopenias/leukocytosis, and the smear findings of prominent mature lymphocytes, Chronic Lymphocytic Leukemia (CLL) is strongly suggested over other options like infectious mononucleosis or lupus.""]}, ""final_answer_index"": 1, ""final_answer"": ""Chronic lymphocytic leukemia"", ""confidence"": 0.95, ""rationale"": ""The combination of clinical signs, cytopenias, and the peripheral smear showing excessive mature lymphocytes points most strongly to Chronic Lymphocytic Leukemia.""}",True,0.9875448346138,8,8,8,1,1:8,1:Chronic lymphocytic leukemia (8),True,1,Chronic lymphocytic leukemia,True,True,True,/Users/youngkwon/.openclaw/workspace/pathvqa_images/utah_webpath_closed_63_hp002.jpg
utah_webpath_closed_64,64,correct,keep_as_success_reference,"A 30-year-old man has noted a progressively worsening cough for one month. On physical examination, a few small lymph nodes are palpable in his axillae, and the tip of the spleen is palpable. Laboratory studies show Hgb 10.2 g/dL, Hct 31.1%, MCV 90 fL, WBC count 67,400/microliter, and platelet count 36,220/microliter. His peripheral blood smear is shown here. Which of the following is the most likely diagnosis?",0,Acute myelogenous leukemia,0,Acute myelogenous leukemia,True,0,Acute myelogenous leukemia,True,0.6451056659221649,8,8,5,2,0:5; 2:3,0:Acute myelogenous leukemia (5),True,3,Acute lymphoblastic leukemia,False,True,False,/Users/youngkwon/.openclaw/workspace/pathvqa_images/utah_webpath_closed_64_hp003.jpg
utah_webpath_closed_65,65,actor_visual_grounding_or_lowB_miss,try_roi_multiview_or_stronger_visual_actor,"A 61-year-old man has had back pain for 5 months. He recently developed a cough productive of yellowish sputum. On physical examination he has no lymphadenopathy or splenomegaly. His temperature is 37.8°C. A radiograph of the spine reveals several 1 to 2 cm lytic lesions of the vertebral bodies. His serum urea nitrogen is 28 mg/dL and creatinine 3.0 mg/dL. A sputum culture grows Streptococcus pneumoniae. A bone marrow biopsy is performed, and the marrow smear is shown here. Which of the following laboratory test findings is most likely to be present in this man?",4,Hypergammaglobulinemia,2,Decreased leukocyte alkaline phosphatase,False,2,Decreased leukocyte alkaline phosphatase,False,0.8313122689723969,8,8,0,1,2:8,2:Decreased leukocyte alkaline phosphatase (8),False,4,Hypergammaglobulinemia,True,True,False,/Users/youngkwon/.openclaw/workspace/pathvqa_images/utah_webpath_closed_65_hp004.jpg
utah_webpath_closed_66,66,hard_or_ambiguous_even_strong_vlm,manual_review_gold_or_domain_reasoning,"A 78-year-old woman has felt tired for the past 4 months. On physical examination there are no abnormal findings. Laboratory studies show Hgb 10.6 g/dL, Hct 29.8%, MCV 92 fL, platelet count 95,000/uL, and WBC count 4,900/uL. The WBC differential count shows 67 segs, 4 bands, 2 metamyelocytes, 22 lymphs, 5 monos, and 2 nucleated RBC's per 100 WBC's. This gross appearance is representative of this patient's disease. Which of the following is the most likely diagnosis?",5,Metastatic carcinoma,3,Myelofibrosis,False,3,Myelofibrosis,False,0.7566449522972107,8,8,0,1,3:8,3:Myelofibrosis (8),False,3,Myelofibrosis,False,True,False,/Users/youngkwon/.openclaw/workspace/pathvqa_images/utah_webpath_closed_66_hp005.jpg
utah_webpath_closed_67,67,actor_visual_grounding_or_lowB_miss,try_roi_multiview_or_stronger_visual_actor,A 51-year-old man has noted right hip pain for 5 months. A radiograph of the pelvis reveals a right ischial mass. The gross appearance of the resected lesion is shown here. Which of the following is the most likely diagnosis?,6,Chondrosarcoma,1,Osteosarcoma,False,1,Osteosarcoma,False,0.5536256015300751,8,8,0,3,1:6; 2:1; 3:1,1:Osteosarcoma (6),False,6,Chondrosarcoma,True,True,False,/Users/youngkwon/.openclaw/workspace/pathvqa_images/utah_webpath_closed_67_mp001.jpg
utah_webpath_closed_68,68,actor_visual_grounding_or_lowB_miss,try_roi_multiview_or_stronger_visual_actor,"A 75-year-old man complains of back pain for the past 4 months, which is dull and constant, regardless of his activity level. Laboratory studies show a serum alkaline phosphatase of 239 U/L. The representative gross appearance of the cause for his pain is depicted here. Which of the following is the most likely diagnosis?",4,Metastatic carcinoma,0,Paget disease of bone,False,0,Paget disease of bone,False,0.5676805377006531,8,8,0,1,0:8,0:Paget disease of bone (8),False,4,Metastatic carcinoma,True,True,False,/Users/youngkwon/.openclaw/workspace/pathvqa_images/utah_webpath_closed_68_mp002.jpg
utah_webpath_closed_69,69,correct,keep_as_success_reference,A 28-year-old man has noted some local pain with pressure applied over his right knee region for the past 6 months. A radiograph shows that a lesion is present in the distal femoral metaphyseal region. The excised lesion is shown here. Which of the following is the most likely diagnosis?,1,Osteochondroma,0,Osteoid osteoma,False,1,Osteochondroma,True,0.5649719417095185,8,8,2,2,0:6; 1:2,0:Osteoid osteoma (6),True,1,Osteochondroma,True,True,False,/Users/youngkwon/.openclaw/workspace/pathvqa_images/utah_webpath_closed_69_mp003.jpg
utah_webpath_closed_70,70,prm_rerank_missed_gold_candidate,improve_prm_calibration_or_answer_aggregation,A 69-year-old woman has had back pain for the last six months. On physical examination she has kyphosis. The representative gross appearance of her disease is shown here. Which of the following is the most likely diagnosis?,3,Osteoporosis,3,Osteoporosis,True,4,Multiple myeloma,False,0.8033497631549835,8,8,5,3,3:5; 4:2; 5:1,3:Osteoporosis (5),True,3,Osteoporosis,True,True,False,/Users/youngkwon/.openclaw/workspace/pathvqa_images/utah_webpath_closed_70_mp004.jpg
utah_webpath_closed_71,71,actor_visual_grounding_or_lowB_miss,try_roi_multiview_or_stronger_visual_actor,"An 11-year-old boy complains of right lower leg pain for 3 months after a fall down a flight of stairs. On physical examination he now has a temperature of 37.6°C. A radiograph reveals a mass involving the right tibial diaphysis, with expansion and destruction of the overlying cortex. A biopsy of the lesion is performed, and the microscopic appearance is shown here. Which of the following is the most likely diagnosis?",0,Ewing sarcoma,5,Osteosarcoma,False,5,Osteosarcoma,False,0.8928329229354859,8,8,0,2,5:7; 6:1,5:Osteosarcoma (7),False,0,Ewing sarcoma,True,True,False,/Users/youngkwon/.openclaw/workspace/pathvqa_images/utah_webpath_closed_71_mp005.jpg
utah_webpath_closed_72,72,actor_visual_grounding_or_lowB_miss,try_roi_multiview_or_stronger_visual_actor,"A 45-year-old man complains of a severe, constant headache for the past 2 days. He is noted on physical examination to have papilledema on the right. He becomes obtunded. The representative gross pathologic appearance of a complication in this man is shown here. Which of the following conditions is most likely to produce this gross finding?",2,Glioblastoma,1,Berry aneurysm rupture,False,1,Berry aneurysm rupture,False,0.962815135717392,8,8,0,2,1:6; 4:2,1:Berry aneurysm rupture (6),False,2,Glioblastoma,True,True,False,/Users/youngkwon/.openclaw/workspace/pathvqa_images/utah_webpath_closed_72_np001.jpg
utah_webpath_closed_73,73,correct,keep_as_success_reference,A 48-year-old woman had headaches for 3 weeks and then presented to the emergency room with a grand mal seizure. Her temperature is 37.9°C. She has papilledema on the right. A head CT scan shows a 3 cm ring enhancing lesion within the right parietal lobe. The representative microscopic appearance of this lesion with trichrome stain is depicted here. Which of the following is the most likely diagnosis?,3,Cerebral abscess,3,Cerebral abscess,True,3,Cerebral abscess,True,0.6291824042797088,8,8,8,1,3:8,3:Cerebral abscess (8),True,3,Cerebral abscess,True,True,False,/Users/youngkwon/.openclaw/workspace/pathvqa_images/utah_webpath_closed_73_np002.jpg
utah_webpath_closed_74,74,correct,keep_as_success_reference,"A 42-year-old man has had increasing difficulty with activities of daily living for the past year, mainly because of involuntary choreiform movements. His family has also noted that he has exhibited behavioral changes, though his memory remains intact. His brother is similarly affected. He has the appearance of the coronal section of brain shown here. Which of the following is the most likely diagnosis?",0,Huntington disease,0,Huntington disease,True,0,Huntington disease,True,0.9695651292800903,8,8,8,1,0:8,0:Huntington disease (8),True,0,Huntington disease,True,True,False,/Users/youngkwon/.openclaw/workspace/pathvqa_images/utah_webpath_closed_74_np003.jpg
utah_webpath_closed_75,75,correct,keep_as_success_reference,"A 45-year-old woman presented with headaches for the past month. On physical examination she has no abnormal findings. A lumbar puncture is performed and examination of the CSF shows a protein of 82 mg/dL, glucose 58 mg/dL (serum glucose 74 mg/dL), and cell count with 2 mononuclear leukocytes/microliter. A head CT scan shows a discrete mass beneath the dura compressing the underlying right parietal region. Which of the following is the most likely diagnosis?",5,Meningioma,5,Meningioma,True,5,Meningioma,True,0.6151918590068817,8,8,8,1,5:8,5:Meningioma (8),True,5,Meningioma,True,True,False,/Users/youngkwon/.openclaw/workspace/pathvqa_images/utah_webpath_closed_75_np004.jpg
utah_webpath_closed_76,76,correct,keep_as_success_reference,"This 79-year-old woman was driving her car when she had the sudden onset of a severe headache. She pulled in to a service station and stopped the car. Then she slumped over the wheel. She was taken to the emergency room, where she remained comatose and died hours later. This gross appearance is found at autopsy. Which of the following is the most likely diagnosis?",3,Ruptured berry aneurysm,0,Subdural hematoma,False,3,Ruptured berry aneurysm,True,0.787544596195221,8,8,2,2,0:6; 3:2,0:Subdural hematoma (6),True,3,Ruptured berry aneurysm,True,True,False,/Users/youngkwon/.openclaw/workspace/pathvqa_images/utah_webpath_closed_76_np005.jpg
utah_webpath_closed_77,77,correct,keep_as_success_reference,A 56-year-old woman has noted increasing size of a nodule on her upper eyelid over the past 3 weeks. On physical examination the lesion shown here is slightly tender on palpation. The excised lesion microscopically contains lipogranulomatous inflammation. In which of the following eyelid structures is this lesion most likely to arise?,2,Meibomian gland,2,Meibomian gland,True,2,Meibomian gland,True,0.5214831829071045,7,7,7,1,2:7,2:Meibomian gland (7),True,2,Meibomian gland,True,True,False,/Users/youngkwon/.openclaw/workspace/pathvqa_images/utah_webpath_closed_77_op001.jpg
utah_webpath_closed_78,78,correct,keep_as_success_reference,A 66-year-old woman has had worsening vision on the right for the past 6 years. There is no eye pain. On physical examination she has the finding shown here. Which of the following medications is most likely to be associated with development of this condition?,4,Prednisone,4,Prednisone,True,4,Prednisone,True,0.7004428386688233,8,8,4,3,4:4; 5:3; 0:1,4:Prednisone (4),True,4,Prednisone,True,True,False,/Users/youngkwon/.openclaw/workspace/pathvqa_images/utah_webpath_closed_78_op002.jpg
utah_webpath_closed_79,79,actor_visual_grounding_or_lowB_miss,try_roi_multiview_or_stronger_visual_actor,A 71-year-old woman has had headaches for the past 6 months. She has dull pain in her right eye. Funduscopic examination reveals the finding shown here. Which of the following mechanisms is most likely to produce this finding?,3,Decreased reabsorption of aqueous humor,1,Long-standing systemic hypertension,False,1,Long-standing systemic hypertension,False,0.9009283304214477,8,8,0,1,1:8,1:Long-standing systemic hypertension (8),False,3,Decreased reabsorption of aqueous humor,True,True,False,/Users/youngkwon/.openclaw/workspace/pathvqa_images/utah_webpath_closed_79_op003.jpg
utah_webpath_closed_80,80,actor_visual_grounding_or_lowB_miss,try_roi_multiview_or_stronger_visual_actor,A 69-year-old man has been bothered by an increasing visual field defect on the right for the past 2 years. On physical examination he has the finding shown here. Which of the following risk factors is most likely to predispose this man to development of this lesion?,4,Sunlight exposure,3,Hyperglycemia,False,3,Hyperglycemia,False,0.9489908695220948,7,7,0,1,3:7,3:Hyperglycemia (7),False,4,Sunlight exposure,True,True,False,/Users/youngkwon/.openclaw/workspace/pathvqa_images/utah_webpath_closed_80_op004.jpg
utah_webpath_closed_81,81,correct,keep_as_success_reference,"A 33-year-old woman has experienced increasing pain with clouding of vision in her left eye for the past day. On slit lamp examination with fluorescein dye, she has the finding shown here. Which of the following infectious agents is most likely to produce her ocular disease?",5,Herpes simplex virus,3,Acanthamoeba,False,5,Herpes simplex virus,True,0.39629579782485963,8,8,1,2,3:7; 5:1,3:Acanthamoeba (7),True,5,Herpes simplex virus,True,True,False,/Users/youngkwon/.openclaw/workspace/pathvqa_images/utah_webpath_closed_81_op005.jpg
utah_webpath_closed_82,82,correct,keep_as_success_reference,"A 48-year-old man has had a fever with non-productive cough and dyspnea for the past 3 days. On physical examination his temperature is 37.6°C. He has decreased breath sounds bilaterally. A chest radiograph shows bilateral extensive infiltrates. A bronchoalveolar lavage is performed, and microscopic examination of the specimen obtained gives the appearance seen here with GMS stain. Which of the following is the most likely underlying disease causing this man's pulmonary problems?",1,Acquired immunodeficiency syndrome,1,Acquired immunodeficiency syndrome,True,1,Acquired immunodeficiency syndrome,True,0.8209191064039866,8,8,8,1,1:8,1:Acquired immunodeficiency syndrome (8),True,1,Acquired immunodeficiency syndrome,True,True,False,/Users/youngkwon/.openclaw/workspace/pathvqa_images/utah_webpath_closed_82_pu001.jpg
utah_webpath_closed_83,83,actor_visual_grounding_or_lowB_miss,try_roi_multiview_or_stronger_visual_actor,A 70-year-old woman collapses suddenly after ambulating to the bathroom from her hospital bed. At autopsy she has the gross pathologic finding shown here. Which of the following conditions is the most likely risk factor for development of this woman's immediate cause of death?,2,Prolonged immobilization,4,Centrilobular emphysema,False,4,Centrilobular emphysema,False,0.8018373489379883,8,8,0,1,4:8,4:Centrilobular emphysema (8),False,2,Prolonged immobilization,True,True,False,/Users/youngkwon/.openclaw/workspace/pathvqa_images/utah_webpath_closed_83_pu002.jpg
utah_webpath_closed_84,84,correct,keep_as_success_reference,"A 65-year-old woman has had a 4 day history of fever with cough productive of yellowish sputum. On physical examination her temperature is 38.1°C. Laboratory studies show her serum glucose is 166 mg/dL, creatinine 1.1 mg/dL, and WBC count 12,545/microliter. This gross appearance is representative of her lung. Which of the following is the most likely diagnosis?",3,Bronchopneumonia,3,Bronchopneumonia,True,3,Bronchopneumonia,True,0.6038692474365235,8,8,6,2,3:6; 1:2,3:Bronchopneumonia (6),True,1,Lobar pneumonia,False,True,False,/Users/youngkwon/.openclaw/workspace/pathvqa_images/utah_webpath_closed_84_pu003.jpg
utah_webpath_closed_85,85,actor_visual_grounding_or_lowB_miss,try_roi_multiview_or_stronger_visual_actor,A 35-year-old man goes to his physician for a routine check-up. On physical examination there are no abnormal findings. A chest radiograph on shows a 3 cm discrete round right upper lobe peripheral nodule. A fine needle aspirate under CT guidance yields necrotic debris with epithelioid macrophages. A GMS stain reveals the microscopic appearance shown here. He is most likely to have an infection with which of the following organisms?,3,Coccidioides immitis,1,Histoplasma capsulatum,False,1,Histoplasma capsulatum,False,0.7280653119087219,8,8,0,3,1:4; 2:2; 4:2,1:Histoplasma capsulatum (4),False,3,Coccidioides immitis,True,True,False,/Users/youngkwon/.openclaw/workspace/pathvqa_images/utah_webpath_closed_85_pu004.jpg
utah_webpath_closed_86,86,correct,keep_as_success_reference,"A 60-year-old woman has been a cigarette smoker since the age of 18, averaging a pack a day of unfiltered cigarettes. She works as a dispatcher for a trucking company. She has had several episodes of hemoptysis in the past two weeks along with fatigue, headache, nausea, and anorexia. On physical examination her sensorium is clouded. A chest radiograph shows an ill-defined hilar mass. A transbronchial lung biopsy is performed and the microscopic appearance is shown here. Which of the following laboratory test findings is most likely to be present in this woman?",0,Hyponatremia,1,Hypergammaglobulinemia,False,0,Hyponatremia,True,0.685102379322052,8,8,1,4,1:3; 3:2; 4:2; 0:1,1:Hypergammaglobulinemia (3),True,0,Hyponatremia,True,True,False,/Users/youngkwon/.openclaw/workspace/pathvqa_images/utah_webpath_closed_86_pu005.jpg
utah_webpath_closed_87,87,correct,keep_as_success_reference,A 5-year-old child has complained of pain in his abdominal region for the past 2 months. Physical examination reveals a palpable mass in the posterior abdomen. An abdominal CT scan shows a mass involving the left kidney. A nephrectomy is performed and the specimen is shown here. Which of the following is the most likely diagnosis?,0,Wilms tumor,0,Wilms tumor,True,0,Wilms tumor,True,0.9013249158859253,8,8,8,1,0:8,0:Wilms tumor (8),True,0,Wilms tumor,True,True,False,/Users/youngkwon/.openclaw/workspace/pathvqa_images/utah_webpath_closed_87_re001.jpg
utah_webpath_closed_88,88,correct,keep_as_success_reference,"A 65-year-old man has had worsening renal failure for the past 10 years. He now requires hemodialysis. An abdominal ultrasound reveals that both his kidneys are enlarged. Based upon this gross appearance of his kidneys shown here, which of the following conditions is he most likely to have?",3,Dominant polycystic kidney disease,3,Dominant polycystic kidney disease,True,3,Dominant polycystic kidney disease,True,0.7416792035102844,8,8,8,1,3:8,3:Dominant polycystic kidney disease (8),True,3,Dominant polycystic kidney disease,True,True,False,/Users/youngkwon/.openclaw/workspace/pathvqa_images/utah_webpath_closed_88_re002.jpg
utah_webpath_closed_89,89,prm_rerank_missed_gold_candidate,improve_prm_calibration_or_answer_aggregation,"A 12-year-old boy has felt tired for the past 2 months. On physical examination he has periorbital edema. Laboratory studies show his serum urea nitrogen is 26 mg/dL and creatinine 2.4 mg/dL. He is given a course of corticosteroid therapy but does not improve. A renal biopsy is performed, and the microscopic appearance with trichrome stain is shown here. This appearance is 3 of 10 glomeruli present in the biopsy. Immunofluorescence staining is nonspecific. Which of the following renal diseases is he most likely to have?",4,Focal segmental glomerulosclerosis,4,Focal segmental glomerulosclerosis,True,1,Nodular glomerulosclerosis,False,0.783263874053955,8,8,7,2,4:7; 1:1,4:Focal segmental glomerulosclerosis (7),True,4,Focal segmental glomerulosclerosis,True,True,False,/Users/youngkwon/.openclaw/workspace/pathvqa_images/utah_webpath_closed_89_re003.jpg
utah_webpath_closed_90,90,actor_visual_grounding_or_lowB_miss,try_roi_multiview_or_stronger_visual_actor,A 63-year-old man with atherosclerotic heart disease has increasing lethargy for the past 5 years. On examination his blood pressure is 160/110 mm Hg. Laboratory studies show serum creatinine 6 mg/dL and urea nitrogen 64 mg/dL. He has the microscopic appearance in his kidneys seen here. Which of the following findings on urinalysis is most specific for the underlying disease leading to this appearance?,4,Microalbuminuria,2,RBC casts,False,0,0 WBC casts,False,0.6010169635216395,6,6,0,3,2:4; 0:1; 5:1,2:CMV inclusions (4),False,4,Microalbuminuria,True,True,False,/Users/youngkwon/.openclaw/workspace/pathvqa_images/utah_webpath_closed_90_re004.jpg
utah_webpath_closed_91,91,correct,keep_as_success_reference,A 35-year-old man notes passing dark urine following a flu-like illness that has lasted for 10 days. On physical examination his blood pressure is 140/90 mm Hg. Urinalysis shows hematuria. A week later his serum creatinine is 2.9 mg/dL. A renal biopsy is performed and microscopic examination with immunofluorescence pattern with antibody against human IgA is shown here. Which of the following is the most likely diagnosis?,2,Berger disease,2,Berger disease,True,2,Berger disease,True,0.8524054884910583,8,8,8,1,2:8,2:Berger disease (8),True,2,Berger disease,True,True,False,/Users/youngkwon/.openclaw/workspace/pathvqa_images/utah_webpath_closed_91_re005.jpg
utah_webpath_closed_92,92,actor_visual_grounding_or_lowB_miss,try_roi_multiview_or_stronger_visual_actor,A 31-year-old G3 P2 woman is in the second trimester. She delivers a malformed fetus with marked intrauterine growth retardation. This is the gross appearance of placenta. Cytogenetic analysis of this tissue is most likely to yield which of the following karyotypes?,1,"69, XXY",3,"4 47, XY, +18",False,0,"47, XXY",False,0.7641995251178741,8,8,0,2,3:5; 0:3,"3:47, XY, +18 (5)",False,1,"69, XXY",True,True,False,/Users/youngkwon/.openclaw/workspace/pathvqa_images/utah_webpath_closed_92_ro001.jpg
utah_webpath_closed_93,93,correct,keep_as_success_reference,"A 28-year-old woman felt a lump in her right breast last week. Her physician palpates a firm, rubbery, and movable mass. No axillary lymph nodes are palpable. Mammography confirms the presence of the lesion, which has no microcalcifications, and reveals no lesions of the opposite breast. The excised lesion is shown. Which of the following is the most likely diagnosis?",2,Fibroadenoma,2,Fibroadenoma,True,2,Fibroadenoma,True,0.6388872355222702,8,8,8,1,2:8,2:Fibroadenoma (8),True,2,Fibroadenoma,True,True,False,/Users/youngkwon/.openclaw/workspace/pathvqa_images/utah_webpath_closed_93_ro002.jpg
utah_webpath_closed_94,94,correct,keep_as_success_reference,"For the past two years, a 40-year-old woman has noted that her menstrual periods have been exceptionally heavy, lasting 6-8 days. She has noted occasional minor intermenstrual bleeding. For the past 3 months, she has been taking supplemental dietary iron for iron deficiency anemia. On physical examination her uterine cervix appears normal, but the uterus is enlarged to twice normal size and is somewhat nodular on examination. A hysterectomy is performed. The specimen is shown here. Which of the following is the most likely cause for her bleeding?",3,Leiomyomata,3,Leiomyomata,True,3,Leiomyomata,True,0.39007655084133147,8,8,7,2,3:7; 0:1,3:Leiomyomata (7),True,3,Leiomyomata,True,True,False,/Users/youngkwon/.openclaw/workspace/pathvqa_images/utah_webpath_closed_94_ro003.jpg
utah_webpath_closed_95,95,actor_visual_grounding_or_lowB_miss,try_roi_multiview_or_stronger_visual_actor,"A 32-year-old woman has noted lower abdominal pain for the past 6 months. On physical examination there is a right adnexal mass. An abdominal ultrasound reveals a circumscribed, solitary, mostly cystic right ovarian mass. The ovary is excised and the gross appearance is depicted here. Which of the following neoplasms is she most likely to have?",5,Mature teratoma,0,Serous cystadenoma,False,0,Serous cystadenoma,False,0.4734857827425003,7,7,0,2,0:6; 3:1,0:Serous cystadenoma (6),False,5,Mature teratoma,True,True,False,/Users/youngkwon/.openclaw/workspace/pathvqa_images/utah_webpath_closed_95_ro004.jpg
utah_webpath_closed_96,96,correct,keep_as_success_reference,"A 36-year-old man has noted increasing scrotal enlargement for the past 8 months. On physical examination the left testis is enlarged and firm. This is the microscopic appearance of the excised mass, which grossly is reddish-brown and soft, with areas of hemorrhage on sectioning. He is referred for further therapy with retroperitoneal lymph node dissection and chemotherapy. Which of the following is the best laboratory test on his serum to aid in diagnosis and follow-up?",4,Alpha fetoprotein,4,Alpha fetoprotein,True,4,Alpha fetoprotein,True,0.9871526718139648,7,7,7,1,4:7,4:Alpha fetoprotein (7),True,4,Alpha fetoprotein,True,True,False,/Users/youngkwon/.openclaw/workspace/pathvqa_images/utah_webpath_closed_96_ro005.jpg
